date,season,holiday,weekday,weather,temperature,realfeel,humidity,windspeed,rentals
2011-01-01,1,0,6,2,46.7165282,46.39865,0.805833,6.6796649282219995,985
2011-01-02,1,0,0,2,48.3502388,45.22419320000001,0.696087,10.347140106923,801
2011-01-03,1,0,1,1,34.2123944,25.701313999999996,0.437273,10.337564779813,1349
2011-01-04,1,0,2,1,34.52,28.4000936,0.590435,6.673420149672,1562
2011-01-05,1,0,3,1,36.8005622,30.437275999999997,0.436957,7.7809940733000005,1600
2011-01-06,1,0,4,1,34.8878408,30.9052292,0.518261,3.7287655985764,1606
2011-01-07,1,0,5,2,34.2257612,28.0100732,0.498696,7.024376704182,1510
2011-01-08,1,0,6,2,31.559,22.4757752,0.535833,11.107545975028,959
2011-01-09,1,0,0,1,29.3029718,17.00159,0.434167,15.06865064115,822
2011-01-10,1,0,1,1,30.3604718,21.1254944,0.482917,9.295019816819,1321
2011-01-11,1,0,2,2,31.9050986,25.9459232,0.686364,5.084581959124001,1263
2011-01-12,1,0,3,1,32.2127042,22.2641924,0.599545,12.682187702339,1162
2011-01-13,1,0,4,1,31.559,21.1249004,0.470417,12.531188957,1406
2011-01-14,1,0,5,1,31.209602,25.583464399999997,0.537826,5.268428239636,1421
2011-01-15,1,0,6,2,37.3399718,32.6757056,0.49875,6.576293027290999,1248
2011-01-16,1,0,0,1,37.1990282,31.0249796,0.48375,7.844815710080999,1204
2011-01-17,1,1,1,2,32.4754718,24.200394800000005,0.5375,8.077287999569,1000
2011-01-18,1,0,2,2,35.9300282,30.8011604,0.861667,6.1105158111749995,683
2011-01-19,1,0,3,2,42.3179204,38.652533600000005,0.741739,8.672623554669,1650
2011-01-20,1,0,4,2,39.7370282,33.49994,0.538333,8.155847313728,1927
2011-01-21,1,0,5,1,32.6165,21.9505604,0.457083,14.706120430394002,1543
2011-01-22,1,0,6,1,22.60243184,12.593468480000002,0.4,7.15943044829,981
2011-01-23,1,0,0,1,25.76573582,14.942085079999998,0.436522,10.266415936200001,986
2011-01-24,1,0,1,1,25.83930398,17.210084,0.491739,6.59157191881,1416
2011-01-25,1,0,2,2,36.506238800000006,31.0616888,0.616957,5.403648511172,1985
2011-01-26,1,0,3,3,36.0005,27.38768,0.8625,12.233521179450001,506
2011-01-27,1,0,4,1,34.097,29.300359999999998,0.6875,4.739245705309,431
2011-01-28,1,0,5,2,34.8142388,29.730059599999997,0.793043,5.133207968100001,1167
2011-01-29,1,0,6,1,34.2257612,28.4005688,0.651739,6.051814892805,1098
2011-01-30,1,0,0,1,35.9177612,32.9382536,0.722174,3.0800330236881996,1096
2011-01-31,1,0,1,2,32.898471799999996,25.326500000000003,0.60375,7.793150575544001,1501
2011-02-01,1,0,2,2,33.8579204,31.062164,0.829565,2.215356006541,1360
2011-02-02,1,0,3,2,39.596000000000004,33.4247396,0.775417,11.003632859956,1526
2011-02-03,1,0,4,1,33.4165622,24.3319064,0.437826,11.563331545463999,1550
2011-02-04,1,0,5,2,35.476318400000004,30.356135600000002,0.585217,5.322174967023,1708
2011-02-05,1,0,6,2,37.3399718,32.0752904,0.929167,6.706017893703001,1005
2011-02-06,1,0,0,1,41.7814718,37.850514800000006,0.568333,5.9033973226,1623
2011-02-07,1,0,1,1,40.5830282,39.2745704,0.738333,1.8904318522131,1712
2011-02-08,1,0,2,1,36.2824718,26.751624800000002,0.537917,15.06865064115,1530
2011-02-09,1,0,3,2,29.0026418,20.3408204,0.494783,7.861718244023,1605
2011-02-10,1,0,4,1,29.8118408,20.9663024,0.437391,9.239566183295,1538
2011-02-11,1,0,5,1,33.5970986,28.5648692,0.506364,4.519138077349999,1746
2011-02-12,1,0,6,1,36.4235,30.8749352,0.544167,8.466545862519,1472
2011-02-13,1,0,0,1,44.3777612,41.7046244,0.457391,10.861043749731,1589
2011-02-14,1,0,1,1,52.708999999999996,50.52398,0.375833,17.398286095156,1913
2011-02-15,1,0,2,1,40.1109602,33.4077512,0.314348,12.130440701518001,1815
2011-02-16,1,0,3,1,44.5248806,40.76456,0.423478,10.482526905887,2115
2011-02-17,1,0,4,1,54.4714718,54.124570399999996,0.505,9.579656823128001,2475
2011-02-18,1,0,5,1,61.7330282,64.0235804,0.516667,11.029319715725002,2927
2011-02-19,1,0,6,1,51.369528200000005,49.69879519999999,0.187917,21.126627048790997,1635
2011-02-20,1,0,0,1,41.7293582,36.146804,0.407826,9.293687597395,1812
2011-02-21,1,1,1,2,43.261971800000005,36.94811,0.605,12.816200650022001,1107
2011-02-22,1,0,2,1,33.0159812,25.3007204,0.577778,8.146646673331,1450
2011-02-23,1,0,3,1,36.3591194,32.3911796,0.423043,3.9180989578410004,1917
2011-02-24,1,0,4,2,42.6121592,37.5558908,0.697391,10.428613651071998,1807
2011-02-25,1,0,5,2,48.4238408,44.8347668,0.712174,14.427062092923,1461
2011-02-26,1,0,6,1,41.4995,36.7244096,0.537917,7.767297192347,1969
2011-02-27,1,0,0,1,46.6582388,44.911749199999996,0.68,5.214306825535999,2402
2011-02-28,1,0,1,2,52.055295799999996,50.7340184,0.876364,12.060166126901999,1446
2011-03-01,1,0,2,1,40.1600282,34.548825199999996,0.535,9.010174651225,1851
2011-03-02,1,0,3,1,45.941,41.2244348,0.449583,12.815659435881,2134
2011-03-03,1,0,4,1,34.3789718,26.9758004,0.318333,9.398558245178,1685
2011-03-04,1,0,5,2,39.7370282,33.5746652,0.610417,8.465671593522,1944
2011-03-05,1,0,6,2,50.1005282,48.1989452,0.789167,10.485857454447,2077
2011-03-06,1,0,0,2,49.4537612,46.7107376,0.948261,14.291675293959,605
2011-03-07,1,0,1,1,39.7431194,31.529166800000002,0.551304,14.211117650664,1872
2011-03-08,1,0,2,1,42.3455,39.12512,0.420833,5.022883547049999,2133
2011-03-09,1,0,3,2,42.6274718,37.249030399999995,0.775417,9.16525331855,1891
2011-03-10,1,0,4,3,50.5170986,49.017358400000006,0,10.902425815589,623
2011-03-11,1,0,5,2,44.3777612,39.434,0.649565,9.698973725290001,1977
2011-03-12,1,0,6,1,45.4475282,41.8991,0.594583,9.191273229175,2132
2011-03-13,1,0,0,1,50.1158408,48.3548108,0.527391,11.265747031628,2417
2011-03-14,1,0,1,1,45.1133582,42.641600000000004,0.496957,5.700483651582,2046
2011-03-15,1,0,2,2,44.451278599999995,40.9995464,0.655652,7.673125931813001,2056
2011-03-16,1,0,3,2,48.4973582,46.791284,0.776522,8.456137898269,2192
2011-03-17,1,0,4,1,52.708999999999996,51.9475604,0.602917,8.725162958202999,2744
2011-03-18,1,0,5,1,63.284000000000006,65.8086692,0.525217,9.617666708569,3239
2011-03-19,1,0,6,1,57.573499999999996,58.62317,0.379167,15.327475896119001,3117
2011-03-20,1,0,0,1,45.7295,41.8991,0.47375,8.647810967897,2471
2011-03-21,2,0,1,2,54.014801,51.876518,0.737391,12.022572560031,2077
2011-03-22,2,0,2,1,54.9650282,55.5482696,0.624583,9.39839171775,2703
2011-03-23,2,0,3,2,46.9525622,43.3471532,0.839565,9.752720452677,2121
2011-03-24,2,0,4,2,41.711,35.3749604,0.805833,10.149305522459,1865
2011-03-25,2,0,5,1,39.9485282,33.6498656,0.495,9.605510206325,2210
2011-03-26,2,0,6,1,40.0894718,33.7994348,0.394167,8.724829903347,2496
2011-03-27,2,0,0,2,39.007437800000005,32.9402732,0.493913,7.6727512451,1693
2011-03-28,2,0,1,1,39.9638408,33.7997912,0.302174,8.834446582828,2028
2011-03-29,2,0,2,1,43.1915,37.997470400000005,0.314167,9.450265011572,2425
2011-03-30,2,0,3,2,42.980000000000004,38.52518,0.646667,7.197648493015999,1536
2011-03-31,2,0,4,3,40.3009718,33.79991,0.918333,9.061007148622,1685
2011-04-01,2,0,5,2,42.980000000000004,36.874335200000004,0.68625,10.770494460756,2227
2011-04-02,2,0,6,2,44.248999999999995,40.697675600000004,0.65375,8.207554080122,2252
2011-04-03,2,0,0,1,49.6069718,48.1975196,0.48,7.585865559541001,3249
2011-04-04,2,0,1,1,66.1039718,67.69996520000001,0.42625,16.052036735347,3115
2011-04-05,2,0,2,2,52.638528199999996,50.52398,0.642083,16.155949850419,1795
2011-04-06,2,0,3,1,50.6644718,49.2478304,0.470833,10.951801197991,2808
2011-04-07,2,0,4,1,54.6125,54.7230848,0.602917,6.757349973384001,3141
2011-04-08,2,0,5,2,46.011471799999995,41.748105200000005,0.83625,9.450098484144,1471
2011-04-09,2,0,6,2,46.5755,43.773645200000004,0.8775,5.540492425131,2455
2011-04-10,2,0,0,2,53.6960282,53.89635559999999,0.8575,6.110182756319,2895
2011-04-11,2,0,1,2,67.9921592,70.3477796,0.716956,13.508455168218,3348
2011-04-12,2,0,2,2,60.11149999999999,61.7748152,0.739167,11.443723220303,2034
2011-04-13,2,0,3,2,52.4975,52.7732204,0.819167,10.433651105768998,2162
2011-04-14,2,0,4,1,57.1505,58.1737496,0.540417,4.6086465699,3267
2011-04-15,2,1,5,1,55.388028199999994,55.6992644,0.67125,9.424411628375,3126
2011-04-16,2,0,6,3,54.0484718,53.7484496,0.888333,14.188469920456,795
2011-04-17,2,0,0,1,56.2340282,56.1486848,0.479583,12.635102072072,3744
2011-04-18,2,0,1,1,60.957499999999996,62.973744800000006,0.5425,6.809597953918999,3429
2011-04-19,2,0,2,2,60.3934718,61.32385040000001,0.665833,6.5766260821469995,3204
2011-04-20,2,0,3,1,67.937,70.24976960000001,0.614167,10.071787004725,3944
2011-04-21,2,0,4,1,56.4455282,57.1223696,0.407083,13.541094544106,4189
2011-04-22,2,0,5,2,46.0820282,41.4481352,0.729583,9.139066880497,1683
2011-04-23,2,0,6,2,56.516000000000005,56.674374799999995,0.887917,9.605510206325,4036
2011-04-24,2,0,0,2,66.8090282,68.7494444,0.810833,8.000602118975001,4191
2011-04-25,2,0,1,1,68.9240282,71.45060000000001,0.776667,7.715756953381,4073
2011-04-26,2,0,2,1,71.03902819999999,73.77706040000001,0.729167,13.592801310500002,4400
2011-04-27,2,0,3,2,70.05199999999999,71.5268696,0.835417,12.997465755399999,3872
2011-04-28,2,0,4,2,69.8405,71.9767652,0.700833,13.359995966156003,4058
2011-04-29,2,0,5,1,60.745999999999995,62.2986044,0.457083,9.994268486991,4595
2011-04-30,2,0,6,1,57.573499999999996,58.3256948,0.503333,9.786608784275,5312
2011-05-01,2,0,0,2,55.811028199999996,56.4466352,0.762083,4.427714519378,3351
2011-05-02,2,0,1,2,64.05952819999999,66.5005604,0.73,7.637530694078,4401
2011-05-03,2,0,2,2,69.7700282,72.3509852,0.697083,14.265863542619,4451
2011-05-04,2,0,3,2,52.638528199999996,51.272420000000004,0.737083,13.696714425572,2633
2011-05-05,2,0,4,1,56.4455282,55.6997396,0.444167,12.297717502944,4433
2011-05-06,2,0,5,1,58.137528200000006,59.5250996,0.59,9.502304832822,4608
2011-05-07,2,0,6,1,61.592,64.09937479999999,0.54125,6.679831455650001,4714
2011-05-08,2,0,0,1,62.2969718,64.8492404,0.631667,3.1072977268375,4333
2011-05-09,2,0,1,1,62.6495,65.5992248,0.58875,7.327206832,4362
2011-05-10,2,0,2,1,62.6495,65.2992548,0.489167,4.815598531047,4803
2011-05-11,2,0,3,1,63.4955,65.97392,0.632917,5.022550492194,4182
2011-05-12,2,0,4,1,62.861000000000004,65.3755244,0.7475,7.896189421619,4864
2011-05-13,2,0,5,2,60.957499999999996,61.92284000000001,0.863333,7.482285499325,4105
2011-05-14,2,0,6,2,61.6624718,62.6747252,0.9225,5.618219102149999,3409
2011-05-15,2,0,0,2,65.1875,66.8768,0.867083,6.368799852003001,4553
2011-05-16,2,0,1,1,66.4565,68.60082560000001,0.787917,5.281875329447001,3958
2011-05-17,2,0,2,2,65.1170282,67.1772452,0.837917,11.546762066378,4123
2011-05-18,2,0,3,2,64.13,65.8263704,0.87,8.388486130644,3855
2011-05-19,2,0,4,2,62.5084718,63.876149600000005,0.829583,4.505108141541,4575
2011-05-20,2,0,5,1,63.0020282,66.05018960000001,0.719583,5.204523339141,4917
2011-05-21,2,0,6,1,68.5715,71.15062999999999,0.626667,5.022883547049999,5805
2011-05-22,2,0,0,1,68.71252820000001,71.45060000000001,0.749583,6.161847890856,4660
2011-05-23,2,0,1,2,71.03902819999999,73.3271648,0.81,9.735276704594,4274
2011-05-24,2,0,2,2,73.436,75.0517844,0.740833,8.621624529844,4492
2011-05-25,2,0,3,1,73.5064718,76.32638960000001,0.69625,6.421006200681001,4978
2011-05-26,2,0,4,1,77.5249718,80.9769344,0.6775,8.311467195194,4677
2011-05-27,2,0,5,1,75.26902820000001,78.87655040000001,0.65375,10.019913710903,4679
2011-05-28,2,0,6,1,73.0834718,75.9506252,0.729583,9.579157240844001,4758
2011-05-29,2,0,0,1,74.0705,76.32734,0.81875,8.906636222866,4788
2011-05-30,2,1,1,1,79.6399718,82.92572960000001,0.685,5.463140434825,4098
2011-05-31,2,0,2,1,83.165,89.37550039999999,0.636667,4.634833007953,3982
2011-06-01,2,0,3,2,82.24852820000001,88.85087960000001,0.677083,8.621624529844,3974
2011-06-02,2,0,4,1,78.089,79.7003096,0.305,12.168450586959002,4968
2011-06-03,2,0,5,1,70.05199999999999,72.95140040000001,0.354167,10.537897275697,5312
2011-06-04,2,0,6,1,71.321,73.8498848,0.45625,5.126630134694,5342
2011-06-05,2,0,0,2,72.44897180000001,76.4763152,0.6525,5.774005511044001,4906
2011-06-06,2,0,1,1,74.98697179999999,77.0767304,0.6,5.074756840872,4548
2011-06-07,2,0,2,1,77.4545,81.12686000000001,0.597917,7.818795799456,4833
2011-06-08,2,0,3,1,83.2354718,89.60074519999999,0.622083,5.695945779169,4401
2011-06-09,2,0,4,2,85.9849718,93.2003852,0.568333,6.239907622731,3915
2011-06-10,2,0,5,1,81.473,86.75108960000001,0.605,5.851524028778,4586
2011-06-11,2,0,6,1,78.93499999999999,83.75091440000001,0.654583,6.446693056449999,4966
2011-06-12,2,0,0,1,76.1855,79.62701000000001,0.747917,6.809597953918999,4460
2011-06-13,2,0,1,1,71.321,74.6764952,0.494583,12.712287534949999,5020
2011-06-14,2,0,2,1,68.71252820000001,73.4756648,0.507083,11.210751348531,4891
2011-06-15,2,0,3,1,70.6160282,73.0251752,0.471667,6.990488372584,5180
2011-06-16,2,0,4,2,70.7569718,73.9271048,0.688333,8.595771146647,3767
2011-06-17,2,0,5,1,72.51952820000001,74.5255004,0.735833,5.954562874852999,4844
2011-06-18,2,0,6,1,76.5380282,79.7017352,0.670417,4.971176780656,5119
2011-06-19,2,0,0,2,76.7495282,79.9265048,0.666667,4.246449414,4744
2011-06-20,2,0,1,2,71.321,73.9271048,0.74625,6.472712967074999,4010
2011-06-21,3,0,2,2,75.19847180000001,78.9523448,0.770417,7.120088343425001,4835
2011-06-22,3,0,3,1,79.6399718,85.6268852,0.7075,7.1715869505339995,4507
2011-06-23,3,0,4,2,79.2169718,85.62736040000001,0.703333,9.941853979028,4790
2011-06-24,3,0,5,1,78.8645282,81.20206040000001,0.573333,9.243313050425,4991
2011-06-25,3,0,6,1,76.39699999999999,79.62558440000001,0.483333,8.724829903347,5202
2011-06-26,3,0,0,1,75.128,78.95032520000001,0.513333,3.9355968273380997,5305
2011-06-27,3,0,1,2,75.3395,78.8760752,0.658333,4.479088230916,4708
2011-06-28,3,0,2,1,80.5565282,85.4758904,0.634167,6.006769223530999,4648
2011-06-29,3,0,3,1,79.2169718,80.9769344,0.497917,10.900094431597001,5225
2011-06-30,3,0,4,1,76.5380282,78.87655040000001,0.434167,7.714882684384,5515
2011-07-01,3,0,5,1,78.7235,80.67684560000001,0.39625,4.2717615830560005,5362
2011-07-02,3,0,6,1,80.0629718,82.4761904,0.444583,4.790244730134,5119
2011-07-03,3,0,0,2,78.23002819999999,82.62671,0.6825,9.527783529306001,4649
2011-07-04,3,1,1,2,79.0760282,82.25153960000002,0.637917,3.3921304028744004,6043
2011-07-05,3,0,2,1,80.76802819999999,85.9249544,0.590417,5.256355001106001,4665
2011-07-06,3,0,3,1,78.512,84.6532004,0.743333,6.239907622731,4629
2011-07-07,3,0,4,1,81.05,84.8002748,0.65125,6.627791634400001,4592
2011-07-08,3,0,5,2,77.5955282,82.8533804,0.757917,9.372538334553001,4040
2011-07-09,3,0,6,1,79.6399718,82.1019704,0.609167,6.990488372584,5336
2011-07-10,3,0,0,1,80.8385,85.17497,0.578333,7.638238435647001,4881
2011-07-11,3,0,1,1,82.1075,89.90071520000001,0.635833,11.754213609809,4086
2011-07-12,3,0,2,1,84.78652819999999,91.02587,0.559167,8.336945891677999,4258
2011-07-13,3,0,3,1,80.76802819999999,85.1011952,0.631667,6.083788158981001,4342
2011-07-14,3,0,4,1,75.19847180000001,78.65035519999999,0.47625,10.019414128619,5084
2011-07-15,3,0,5,1,73.71797179999999,77.3752748,0.59125,7.611677310880999,5538
2011-07-16,3,0,6,1,75.69202820000001,79.0256444,0.585,8.673664351094,5923
2011-07-17,3,0,0,1,78.4415282,82.77616040000001,0.604167,10.201178816281,5302
2011-07-18,3,0,1,1,80.76802819999999,86.82629,0.65125,8.984321268028,4458
2011-07-19,3,0,2,1,83.3060282,92.00050519999999,0.650417,5.4371205242,4541
2011-07-20,3,0,3,1,82.6009718,91.92578,0.707083,4.738413068169001,4332
2011-07-21,3,0,4,2,86.549,101.3728748,0.69125,9.243146522997,3784
2011-07-22,3,0,5,1,89.3689718,103.09844480000001,0.580417,5.5412001667,3387
2011-07-23,3,0,6,1,89.4395282,98.7492956,0.5,5.462973907397,3285
2011-07-24,3,0,0,1,87.818,97.62568519999999,0.550833,7.0429028805469995,3606
2011-07-25,3,0,1,1,80.48597179999999,88.8498104,0.757083,3.7805181600131,3840
2011-07-26,3,0,2,1,82.8830282,86.0011052,0.540833,8.337112419105999,4590
2011-07-27,3,0,3,1,83.165,85.2512396,0.402917,7.637905380790999,4656
2011-07-28,3,0,4,1,83.5175282,91.10011999999999,0.583333,7.430412205503,4390
2011-07-29,3,0,5,1,88.52297180000001,96.5728796,0.5425,7.249688314265999,3846
2011-07-30,3,0,6,1,85.6325282,89.7501956,0.465833,7.016508283209,4475
2011-07-31,3,0,0,1,85.7734718,89.8997648,0.480833,6.861471247740999,4302
2011-08-01,3,0,1,1,82.8830282,86.75108960000001,0.550833,6.524419733468999,4266
2011-08-02,3,0,2,1,83.8699718,87.2000348,0.49125,8.56991776345,4845
2011-08-03,3,0,3,2,79.4990282,83.9765156,0.6575,5.6445720676310005,3574
2011-08-04,3,0,4,2,77.666,82.17681440000001,0.7575,8.20772060755,4576
2011-08-05,3,0,5,1,77.7364718,81.20015959999999,0.630833,7.689237460472,4866
2011-08-06,3,0,6,2,78.23002819999999,83.5270952,0.755,9.50247136025,4294
2011-08-07,3,0,0,1,80.41550000000001,88.1766896,0.752917,8.388277971359,3785
2011-08-08,3,0,1,1,82.31899999999999,86.7500204,0.592083,8.000602118975001,4326
2011-08-09,3,0,2,1,83.165,89.2255748,0.570417,6.291447861697,4602
2011-08-10,3,0,3,1,82.4600282,84.5759804,0.424167,8.337112419105999,4780
2011-08-11,3,0,4,1,78.3005,80.6006948,0.42375,6.860763506172001,4792
2011-08-12,3,0,5,1,77.5249718,80.9001896,0.415,5.2298355081970005,4905
2011-08-13,3,0,6,2,75.62147180000001,79.92793040000001,0.729583,8.803222690078,4150
2011-08-14,3,0,0,2,74.8460282,77.37729440000001,0.8175,9.268625219481,3820
2011-08-15,3,0,1,1,73.9294718,76.4006396,0.712083,8.699143047578,4338
2011-08-16,3,0,2,1,76.8904718,79.9254356,0.578333,9.838815132953,4725
2011-08-17,3,0,3,1,78.7939718,82.40051480000001,0.575417,5.981123999618999,4694
2011-08-18,3,0,4,1,77.8070282,81.8762504,0.654583,9.708882107256,3805
2011-08-19,3,0,5,2,75.551,78.4266548,0.722917,5.799650734955999,4153
2011-08-20,3,0,6,1,76.60849999999999,80.3007248,0.674167,4.349155205219,5191
2011-08-21,3,0,0,1,77.7364718,83.45237,0.77,10.356090956178,3873
2011-08-22,3,0,1,1,76.11502820000001,79.0245752,0.47,11.52161642475,4758
2011-08-23,3,0,2,1,71.81447179999999,75.2007596,0.455417,6.110016228891,5895
2011-08-24,3,0,3,1,74.56397179999999,78.12620960000001,0.605,10.537356061556,5130
2011-08-25,3,0,4,2,75.4805282,79.9274552,0.771667,8.777369306880999,3542
2011-08-26,3,0,5,1,76.82,81.5762804,0.76125,3.4955147933624997,4661
2011-08-27,3,0,6,2,75.128,78.7040528,0.85,15.637633230768998,1115
2011-08-28,3,0,0,1,77.4171914,80.1775292,0.561765,12.683519921763,4334
2011-08-29,3,0,1,1,71.46202819999999,75.4254104,0.554583,6.653811545025,4634
2011-08-30,3,0,2,1,71.6735282,73.8508352,0.548333,5.204315179856001,5204
2011-08-31,3,0,3,1,73.1540282,75.80117480000001,0.597917,3.4693200289380997,5058
2011-09-01,3,0,4,1,73.013,76.2526148,0.639167,5.903230795172,5115
2011-09-02,3,0,5,2,72.02597180000001,75.0511904,0.727083,5.825504118153,4727
2011-09-03,3,0,6,1,74.2115282,78.4257044,0.716667,7.715423898525,4484
2011-09-04,3,0,0,1,77.5955282,82.2529652,0.742083,8.595604619219001,4940
2011-09-05,3,1,1,2,74.56397179999999,77.5267448,0.790417,8.854929456472,3351
2011-09-06,3,0,2,3,63.284000000000006,64.40576,0.886957,14.318985792150999,2710
2011-09-07,3,0,3,3,68.28952819999999,67.8544052,0.917083,4.039156071625601,1996
2011-09-08,3,0,4,3,71.2290398,69.1768868,0.939565,8.024457173036,1842
2011-09-09,3,0,5,2,72.59,71.97878479999999,0.897917,5.178128741803,3544
2011-09-10,3,0,6,1,73.436,75.4258856,0.75375,6.394986290056,5345
2011-09-11,3,0,0,1,72.8719718,75.5764052,0.71375,4.789911675278001,5046
2011-09-12,3,0,1,1,72.11184080000001,74.733044,0.692174,3.7016133014410006,4713
2011-09-13,3,0,2,1,72.66047180000001,74.9022152,0.7125,5.903563850028,4763
2011-09-14,3,0,3,1,74.56397179999999,77.67572,0.697083,6.965009676099999,4785
2011-09-15,3,0,4,2,66.4565,68.9761148,0.709167,11.288311498122,3659
2011-09-16,3,0,5,2,57.2915282,58.02323,0.590417,6.835243177831,4760
2011-09-17,3,0,6,2,59.1950282,60.047225600000004,0.718333,7.896522476475001,4511
2011-09-18,3,0,0,1,60.534499999999994,61.4757956,0.695,7.430578732931,4274
2011-09-19,3,0,1,2,64.05952819999999,66.12539000000001,0.69,6.317301244894,4539
2011-09-20,3,0,2,2,65.1170282,66.42737960000001,0.88125,5.6183856295779995,3641
2011-09-21,3,0,3,2,67.937,68.60332040000002,0.9,4.0134858685994,4352
2011-09-22,3,0,4,2,70.7569718,69.1296044,0.902083,5.334081678125,4795
2011-09-23,4,0,5,2,69.13552820000001,65.22845,0.9725,3.2625512479619,2395
2011-09-24,4,0,6,2,68.9240282,70.2521456,0.8625,3.2632423367881,5423
2011-09-25,4,0,0,2,71.2505282,71.2292756,0.845,2.0973796501744,5010
2011-09-26,4,0,1,2,72.51952820000001,73.1781896,0.848333,4.6086465699,4630
2011-09-27,4,0,2,2,71.46202819999999,71.45357,0.885417,4.919678173547,4120
2011-09-28,4,0,3,2,71.321,71.52877039999998,0.84875,6.187701274053001,3907
2011-09-29,4,0,4,1,69.7700282,71.4520256,0.699167,7.1974403337310005,4839
2011-09-30,4,0,5,1,65.3285282,67.9256852,0.6475,8.595937674075,5202
2011-10-01,4,0,6,2,52.286,52.248124399999995,0.75375,12.168825273672,2429
2011-10-02,4,0,0,2,47.774028200000004,44.2236596,0.791667,9.242813468141,2918
2011-10-03,4,0,1,2,50.1005282,49.7750648,0.760833,3.4698404271506,3570
2011-10-04,4,0,2,1,58.56052820000001,59.3755304,0.71,8.570084290878,4456
2011-10-05,4,0,3,1,63.14297179999999,65.8239944,0.647917,7.37924665325,4826
2011-10-06,4,0,4,1,59.406528200000004,60.27449,0.620833,5.6183856295779995,4765
2011-10-07,4,0,5,1,60.8164718,63.1231952,0.684167,0.9322080523869001,4985
2011-10-08,4,0,6,1,61.7330282,64.17314959999999,0.70125,1.8902611615993998,5409
2011-10-09,4,0,0,1,63.3544718,65.4491804,0.7275,2.6415413266500005,5511
2011-10-10,4,1,1,1,65.89247180000001,67.69949,0.73375,1.7612024048994,5117
2011-10-11,4,0,2,2,65.54002820000001,68.0762048,0.80875,5.955104088994,4563
2011-10-12,4,0,3,3,63.5659718,64.7047796,0.90625,10.33094531455,2416
2011-10-13,4,0,4,2,67.4435282,68.7543152,0.896667,5.902856108459,2913
2011-10-14,4,0,5,2,64.2004718,66.12539000000001,0.71625,9.320665040731,3644
2011-10-15,4,0,6,1,60.464028199999994,62.44853,0.483333,10.744474550131,5217
2011-10-16,4,0,0,1,60.887028199999996,62.9746952,0.486667,11.728401858469,5041
2011-10-17,4,0,1,1,62.7905282,63.87413,0.579583,7.301353448803001,4570
2011-10-18,4,0,2,2,62.6495,65.2992548,0.701667,4.583126241559,4748
2011-10-19,4,0,3,3,63.4311194,64.24514239999999,0.895217,10.130654450522998,2424
2011-10-20,4,0,4,1,57.8554718,58.62317,0.63625,17.580092414675,4195
2011-10-21,4,0,5,1,53.7665,53.523204799999995,0.574167,9.217126612372,4304
2011-10-22,4,0,6,1,53.3435,53.7484496,0.629167,3.8578868030619002,4308
2011-10-23,4,0,0,1,53.2730282,53.3731604,0.74125,4.1428901697125005,4381
2011-10-24,4,0,1,1,56.7979718,57.4995596,0.772083,4.945531556744,4187
2011-10-25,4,0,2,1,57.5030282,58.248949999999994,0.622917,6.938282023906,4687
2011-10-26,4,0,3,2,58.56052820000001,59.3741048,0.720417,6.188242488194,3894
2011-10-27,4,0,4,2,57.362,57.497064800000004,0.812917,8.233240935891,2659
2011-10-28,4,0,5,2,45.5884718,41.074865599999995,0.585833,9.553636912503,3747
2011-10-29,4,0,6,3,39.102528199999995,30.2760644,0.8825,14.628227225947,627
2011-10-30,4,0,0,1,44.6015282,41.3738852,0.62375,7.352893687769001,3331
2011-10-31,4,0,1,1,46.364000000000004,45.500284400000005,0.703333,4.42754799195,3669
2011-11-01,4,0,2,1,51.510471800000005,50.3740544,0.68375,5.6440724853469995,4068
2011-11-02,4,0,3,1,49.536500000000004,49.5478004,0.71875,3.4176299152869003,4186
2011-11-03,4,0,4,1,52.1449718,51.423414799999996,0.702083,5.695945779169,3974
2011-11-04,4,0,5,2,51.7219718,51.1229696,0.6225,11.314664463603,4046
2011-11-05,4,0,6,1,45.2360282,41.6738552,0.519167,7.871002148134,3926
2011-11-06,4,0,0,1,47.0689718,46.2481304,0.734583,3.8323872906494003,3649
2011-11-07,4,0,1,1,51.017,50.8234748,0.75875,2.382383016825,4035
2011-11-08,4,0,2,1,52.1449718,52.174824799999996,0.721667,2.8741593276375,4205
2011-11-09,4,0,3,1,51.44,51.798585200000005,0.758333,2.5893266516006004,4109
2011-11-10,4,0,4,2,49.748,47.5980548,0.813333,7.871210307419001,2933
2011-11-11,4,1,5,1,45.0245282,39.6498596,0.44625,13.100504601474999,3368
2011-11-12,4,0,6,1,47.774028200000004,45.7235096,0.552917,8.828534859134,4067
2011-11-13,4,0,0,1,54.8944718,54.34934,0.458333,11.728568385896999,3717
2011-11-14,4,0,1,1,62.438,65.5239056,0.587083,12.764160828771999,4486
2011-11-15,4,0,2,2,62.438,63.5003852,0.68875,8.311092508481,4195
2011-11-16,4,0,3,3,56.2340282,56.8961744,0.93,5.696445361453001,1817
2011-11-17,4,0,4,2,46.5050282,41.5986548,0.575833,12.712787117234,3053
2011-11-18,4,0,5,1,40.7945282,35.599254800000004,0.41,7.016341755780999,3392
2011-11-19,4,0,6,1,45.4475282,41.74858040000001,0.502083,9.346185369072,3663
2011-11-20,4,0,0,2,56.7979718,57.4984904,0.684583,7.741443809150001,3520
2011-11-21,4,0,1,3,55.4585,56.0733656,0.91,5.747444386278,2765
2011-11-22,4,0,2,3,52.850028200000004,53.29748480000001,0.9625,4.945531556744,1607
2011-11-23,4,0,3,2,54.8944718,54.3477956,0.757917,13.981018377024999,2566
2011-11-24,4,1,4,1,49.1839718,47.4495548,0.549167,6.965176203528001,1495
2011-11-25,4,0,5,1,49.325,48.4237148,0.64375,4.1172158035006,2792
2011-11-26,4,0,6,1,49.3954718,48.9483356,0.681667,2.8484849614256,3068
2011-11-27,4,0,0,1,56.4455282,57.349039999999995,0.698333,8.699143047578,3071
2011-11-28,4,0,1,1,60.1942388,61.4264936,0.743043,5.916802780554,3867
2011-11-29,4,0,2,2,56.3749718,56.823350000000005,0.830833,10.744849236844,2914
2011-11-30,4,0,3,1,45.095,40.1730548,0.613333,11.288811080406001,3613
2011-12-01,4,0,4,1,44.0375,39.4998152,0.524583,9.165586373406,3727
2011-12-02,4,0,5,1,44.1785282,42.5742404,0.625833,4.194576120178,3940
2011-12-03,4,0,6,1,42.909528200000004,40.0997552,0.612917,3.9876366485881,3614
2011-12-04,4,0,0,1,45.5884718,44.67308,0.775833,3.4953399395630997,3485
2011-12-05,4,0,1,2,50.2414718,49.99829,0.827083,2.5898470498131005,3811
2011-12-06,4,0,2,3,56.7275,57.42032,0.949583,9.682862196631001,2594
2011-12-07,4,0,3,3,52.286,50.74922479999999,0.970417,11.081359536975,705
2011-12-08,4,0,4,1,40.0894718,33.7242344,0.58,9.994060327706,3322
2011-12-09,4,0,5,1,42.2044718,40.9239896,0.695833,3.4436498259119004,3620
2011-12-10,4,0,6,1,40.865,34.8497456,0.5075,9.709423321397,3190
2011-12-11,4,0,0,1,36.2824718,33.2746952,0.49,2.7702545389368995,2743
2011-12-12,4,0,1,1,37.7629718,35.2992848,0.670833,2.6415413266500005,3310
2011-12-13,4,0,2,1,41.4995,38.9751944,0.59,5.85135750135,3523
2011-12-14,4,0,3,2,44.460499999999996,43.3974056,0.66375,2.5378072285631004,3740
2011-12-15,4,0,4,2,53.3435,52.1737556,0.634167,11.159086213994,3709
2011-12-16,4,0,5,2,49.325,45.947210000000005,0.500417,10.848221137775,3577
2011-12-17,4,0,6,2,39.454971799999996,32.8252748,0.560833,10.123493771119,2739
2011-12-18,4,0,0,1,37.7629718,32.3747852,0.58625,7.068215049603001,2431
2011-12-19,4,0,1,1,41.0060282,36.5748404,0.6375,7.197981547872,3403
2011-12-20,4,0,2,2,50.2414718,50.298735199999996,0.595417,2.5633067409756003,3750
2011-12-21,1,0,3,2,53.8369718,54.0484196,0.858333,9.2172931398,2660
2011-12-22,1,0,4,2,53.413971800000006,53.823174800000004,0.7575,1.968146039675,3068
2011-12-23,1,0,5,1,49.1839718,48.0485444,0.68625,11.417370254822,2209
2011-12-24,1,0,6,1,43.1915,38.7499496,0.5425,7.922708914528,1011
2011-12-25,1,0,0,1,40.8466418,36.459366800000005,0.681304,6.4567263339870005,754
2011-12-26,1,1,1,1,44.8191194,40.685558,0.506957,9.969372636505,1317
2011-12-27,1,0,2,2,45.095,42.1228004,0.7625,7.845523451650001,1162
2011-12-28,1,0,3,1,42.906398,36.4609112,0.50391300000000006,12.238142315576997,2302
2011-12-29,1,0,4,1,38.6089718,34.5503696,0.574167,4.971343308084001,2423
2011-12-30,1,0,5,1,43.9670282,41.074865599999995,0.636667,5.592698773809,2999
2011-12-31,1,0,6,1,52.286,52.3975748,0.615833,9.165419845978,2485
2012-01-01,1,0,0,1,48.902,47.8237748,0.6925,8.000269064119001,2294
2012-01-02,1,1,1,1,40.6994378,33.1737152,0.381304,13.724566137904999,1951
2012-01-03,1,0,2,1,30.29,18.201469999999997,0.44125,15.223562781047,2236
2012-01-04,1,0,3,2,26.6945,17.3772356,0.414583,7.6894039879000005,2368
2012-01-05,1,0,4,1,40.0894718,36.275345599999994,0.524167,5.411600195858999,3272
2012-01-06,1,0,5,1,45.870528199999995,43.6237196,0.542083,6.990321845156,4098
2012-01-07,1,0,6,1,50.875971799999995,49.6245452,0.531667,7.275500065606,4521
2012-01-08,1,0,0,1,46.1525,43.6226504,0.465,7.974249153494,3425
2012-01-09,1,0,1,2,36.5645282,32.6005052,0.701667,4.1173906573000005,2376
2012-01-10,1,0,2,1,43.7156816,41.0765288,0.646522,7.808138044064,3598
2012-01-11,1,0,3,2,40.7945282,36.7991348,0.8475,5.462973907397,2177
2012-01-12,1,0,4,2,49.9595,48.5742344,0.802917,7.533992265719,4097
2012-01-13,1,0,5,1,40.7945282,32.8242056,0.5075,15.741338186556,3214
2012-01-14,1,0,6,1,32.827999999999996,24.9507356,0.4575,7.792775888830999,2493
2012-01-15,1,0,0,1,31.7000282,22.401049999999998,0.419167,10.460337126106,2311
2012-01-16,1,1,1,1,33.674,25.8507644,0.5225,9.631863171806001,2298
2012-01-17,1,0,2,2,49.159437800000006,46.4762264,0.716087,14.53493023441,2935
2012-01-18,1,0,3,1,43.261971800000005,35.9001752,0.443333,17.295080721653,3376
2012-01-19,1,0,4,1,33.674,25.776514400000003,0.4975,9.165586373406,3292
2012-01-20,1,0,5,2,36.0005,29.449810399999997,0.45,8.440859006750001,3163
2012-01-21,1,0,6,2,32.2639718,23.97515,0.83125,9.268999906194,1301
2012-01-22,1,0,0,2,31.3475,22.4753,0.79625,8.311300667766002,1977
2012-01-23,1,0,1,2,36.0709718,32.0752904,0.91125,4.608979624756,2432
2012-01-24,1,0,2,1,46.5755,44.67403039999999,0.835833,5.1526500453190005,4339
2012-01-25,1,0,3,1,42.486528199999995,38.2247348,0.64375,6.705684838847,4270
2012-01-26,1,0,4,2,46.5050282,45.49874,0.769583,3.0556034500006,4075
2012-01-27,1,0,5,2,53.55499999999999,52.547500400000004,0.74125,14.265863542619,3456
2012-01-28,1,0,6,1,44.319471799999995,41.97382519999999,0.543333,8.777202779452999,4023
2012-01-29,1,0,0,1,41.4995,35.599254800000004,0.31125,9.99372727285,3243
2012-01-30,1,0,1,1,40.3715282,34.39985,0.400833,8.983821685744001,3624
2012-01-31,1,0,2,1,50.594,48.5004596,0.416667,10.899927904169,4509
2012-02-01,1,0,3,1,57.2915282,58.6247144,0.507917,7.871210307419001,4579
2012-02-02,1,0,4,2,51.369528200000005,50.597754800000004,0.672917,7.792942416259,3761
2012-02-03,1,0,5,1,44.1079718,39.9503048,0.526667,7.431119947072,4151
2012-02-04,1,0,6,2,39.9485282,35.599729999999994,0.779583,5.074756840872,2832
2012-02-05,1,0,0,2,40.0894718,34.6250948,0.687917,7.327040304572001,2947
2012-02-06,1,0,1,1,41.5087214,38.4154088,0.622174,6.4029796066,3784
2012-02-07,1,0,2,1,47.5625282,46.0991552,0.49625,6.135661452803001,4375
2012-02-08,1,0,3,2,39.314028199999996,34.8508148,0.722917,5.567053549897,2802
2012-02-09,1,0,4,1,40.019,34.324174400000004,0.562083,8.078120636708999,3830
2012-02-10,1,0,5,2,41.358471800000004,38.0746904,0.54,4.867971407153001,3831
2012-02-11,1,0,6,3,36.5645282,28.2509996,0.73125,12.064745631172,2169
2012-02-12,1,0,0,1,28.386499999999998,15.2769704,0.464583,17.036255466684,1529
2012-02-13,1,0,1,1,36.4235,30.2760644,0.41125,6.964301934531,3422
2012-02-14,1,0,2,2,44.6015282,42.8727848,0.50875,5.877543939403,3922
2012-02-15,1,0,3,1,47.0689718,44.973525200000005,0.53125,7.5603452312,4169
2012-02-16,1,0,4,2,44.390028199999996,42.4232456,0.752917,3.8061925262250003,3005
2012-02-17,1,0,5,1,46.6459718,44.973525200000005,0.634583,8.569751236022,4154
2012-02-18,1,0,6,1,46.9280282,45.42449,0.534583,7.948728825152999,4318
2012-02-19,1,0,0,2,41.288000000000004,34.7756144,0.515833,10.537522588984,2689
2012-02-20,1,1,1,1,41.288000000000004,35.6788508,0.507826,9.537150697131,3129
2012-02-21,1,0,2,1,41.9500796,38.2594244,0.594348,8.564380726469,3777
2012-02-22,1,0,3,1,51.087471799999996,49.8488396,0.567917,9.761463142647,4773
2012-02-23,1,0,4,1,56.022528200000004,56.0001848,0.554583,7.948062715441,5062
2012-02-24,1,0,5,2,52.0745,52.0233548,0.7375,9.890355371919,3487
2012-02-25,1,0,6,1,42.2044718,33.57419,0.395833,17.553739449194,2732
2012-02-26,1,0,0,1,41.217528200000004,35.0749904,0.41,8.544064380253,3389
2012-02-27,1,0,1,1,48.6200282,45.7249352,0.490833,11.158711527281001,4322
2012-02-28,1,0,2,1,47.985528200000005,45.198769999999996,0.395833,8.052308885369001,4363
2012-02-29,1,0,3,2,46.7318408,44.598236,0.804783,7.456973330268999,1834
2012-03-01,1,0,4,1,58.7014718,59.67407479999999,0.615417,9.449890324859,4990
2012-03-02,1,0,5,2,47.4919718,45.9492296,0.657083,6.032622606728,3194
2012-03-03,1,0,6,2,52.638528199999996,52.3228496,0.62125,6.706017893703001,4066
2012-03-04,1,0,0,1,45.1654718,39.1988948,0.403333,13.928812028347002,3423
2012-03-05,1,0,1,1,38.1859718,31.851114799999998,0.50625,9.527783529306001,3333
2012-03-06,1,0,2,1,39.454971799999996,33.498989599999994,0.456667,8.362799274875,3956
2012-03-07,1,0,3,1,51.7925282,48.94988,0.513333,14.395421881603001,4916
2012-03-08,1,0,4,1,62.226499999999994,65.5229552,0.5675,18.383087672490998,5382
2012-03-09,1,0,5,2,52.3564718,50.373460400000006,0.407083,17.268894283599998,4569
2012-03-10,1,0,6,1,41.9225,36.198719600000004,0.350417,9.39839171775,4118
2012-03-11,1,0,0,1,48.2031194,45.928796,0.476957,9.266710154059,4911
2012-03-12,1,0,1,1,57.0800282,57.79952960000001,0.489167,8.647477913041001,5298
2012-03-13,1,0,2,1,65.399,67.69996520000001,0.6175,9.864668516150001,5847
2012-03-14,1,0,3,1,66.0335,68.3756996,0.507083,4.790244730134,6312
2012-03-15,1,0,4,1,64.7645,66.49960999999999,0.579583,6.239907622731,6192
2012-03-16,1,0,5,2,54.4714718,55.0240052,0.842083,4.712393157544001,4378
2012-03-17,1,0,6,2,61.098528200000004,63.1994648,0.755833,4.608813097328,7836
2012-03-18,1,0,0,2,57.573499999999996,58.3232,0.81,5.282374911731,5892
2012-03-19,1,0,1,1,63.70700000000001,66.4991348,0.72875,6.757558132669,6153
2012-03-20,1,0,2,1,65.0464718,67.17772040000001,0.807917,5.048736930247,6093
2012-03-21,2,0,3,2,62.579028199999996,64.1750504,0.82125,3.7284783387630998,6230
2012-03-22,2,0,4,1,64.48252819999999,66.3501596,0.83125,4.894324372634,6871
2012-03-23,2,0,5,2,68.5010282,70.9239596,0.694167,4.841784969100001,8362
2012-03-24,2,0,6,2,60.11149999999999,61.0238804,0.885417,8.025914288031,3372
2012-03-25,2,0,0,2,54.6125,55.1735744,0.880833,9.191273229175,4996
2012-03-26,2,0,1,1,55.3174718,55.323499999999996,0.477917,16.104076556597,5558
2012-03-27,2,0,2,1,44.9539718,40.6996952,0.29,7.793150575544001,5102
2012-03-28,2,0,3,1,58.56052820000001,59.14886,0.48125,12.142805363047,5698
2012-03-29,2,0,4,1,59.406528200000004,60.4977152,0.439167,13.30762309005,6133
2012-03-30,2,0,5,2,48.902,47.8237748,0.580833,5.747985600419,5459
2012-03-31,2,0,6,2,53.4845282,53.298910400000004,0.738333,10.433651105768998,6235
2012-04-01,2,0,0,2,53.6254718,52.7736956,0.67625,7.171795109819,6041
2012-04-02,2,0,1,1,54.3090398,53.988544399999995,0.504348,12.994926212123,5936
2012-04-03,2,0,2,1,57.0800282,58.02418039999999,0.396667,4.168722736981,6772
2012-04-04,2,0,3,1,63.4250282,66.57386,0.469583,7.534325320575,6436
2012-04-05,2,0,4,1,54.400999999999996,54.4221644,0.374167,9.139399935353001,6457
2012-04-06,2,0,5,1,51.7219718,49.623119599999995,0.377083,12.505710260516,6460
2012-04-07,2,0,6,1,54.6125,53.8241252,0.254167,11.443390165447,6857
2012-04-08,2,0,0,1,59.9,61.70009,0.275833,9.683403410772,5169
2012-04-09,2,0,1,1,58.9835282,59.8245944,0.3175,14.912364649972,5585
2012-04-10,2,0,2,1,55.388028199999994,55.024480399999995,0.435,10.381944339375002,5918
2012-04-11,2,0,3,1,47.099681600000004,43.268151200000005,0.469565,12.292804943818,4862
2012-04-12,2,0,4,1,51.228500000000004,49.2473552,0.46625,12.091098596653,5409
2012-04-13,2,0,5,1,55.0355,54.498790400000004,0.408333,6.472546439646999,6398
2012-04-14,2,0,6,1,59.477,61.173924799999995,0.502917,7.948229242869,7460
2012-04-15,2,0,0,1,68.9240282,71.37635,0.507917,9.372538334553001,7132
2012-04-16,2,1,1,1,73.7885282,76.25309,0.561667,11.857960197453,6370
2012-04-17,2,0,2,1,69.0649718,74.30025559999999,0.390417,11.391683399052999,6691
2012-04-18,2,0,3,2,56.7979718,57.4961144,0.569167,6.990488372584,4367
2012-04-19,2,0,4,1,59.7589718,61.7738648,0.6125,2.7447550265243996,6565
2012-04-20,2,0,5,1,62.1560282,64.47407000000001,0.694583,6.239408040447,7290
2012-04-21,2,0,6,1,65.822,67.6990148,0.682917,11.806253431058998,6624
2012-04-22,2,0,0,3,51.158028200000004,49.473075200000004,0.835417,14.344089801922001,1027
2012-04-23,2,0,1,2,44.8130282,38.97365,0.766667,12.635102072072,3214
2012-04-24,2,0,2,1,52.567971799999995,51.347620400000004,0.454167,10.382277394231,5633
2012-04-25,2,0,3,1,57.9260282,59.0736596,0.427917,4.945531556744,6196
2012-04-26,2,0,4,2,59.7589718,60.649660399999995,0.756667,7.353226742625001,5026
2012-04-27,2,0,5,1,56.304500000000004,56.9732756,0.400833,14.472607344481,6233
2012-04-28,2,0,6,2,49.4660282,48.0474752,0.489583,5.411100613575,4220
2012-04-29,2,0,0,1,56.3749718,56.674374799999995,0.587083,4.867097138156,6304
2012-04-30,2,0,1,2,56.8685282,57.5742848,0.57,7.145608671766,5572
2012-05-01,2,0,2,2,69.4879718,71.7500948,0.659583,6.498566350272,5740
2012-05-02,2,0,3,1,65.3285282,67.1020448,0.797083,5.747610913705999,6169
2012-05-03,2,0,4,2,64.976,67.0243496,0.768333,5.566012753472,6421
2012-05-04,2,0,5,1,70.6865,73.4009396,0.735417,6.783411515866,6296
2012-05-05,2,0,6,2,70.1930282,72.6514304,0.756667,6.369341066143999,6883
2012-05-06,2,0,0,2,65.1875,68.1523556,0.74,6.239741095303,6359
2012-05-07,2,0,1,2,63.0725,65.8244696,0.664167,9.605343678897,6273
2012-05-08,2,0,2,2,66.8090282,69.42755480000001,0.685833,12.324236995853,5728
2012-05-09,2,0,3,2,66.245,68.89937,0.744167,9.009633437084,4717
2012-05-10,2,0,4,1,60.3934718,61.6238204,0.552083,13.075025904991,6572
2012-05-11,2,0,5,1,62.719971799999996,65.0749604,0.360417,9.864127302009,7030
2012-05-12,2,0,6,1,65.3285282,67.9242596,0.480417,5.126255447981,7429
2012-05-13,2,0,0,1,69.4175,72.72627440000001,0.57625,9.372038752269,6118
2012-05-14,2,0,1,2,66.1039718,68.52812000000002,0.789583,8.854762929044,2843
2012-05-15,2,0,2,2,69.3470282,71.6767952,0.794583,6.1362026669439995,5115
2012-05-16,2,0,3,1,71.46202819999999,74.00183,0.697917,5.100402064784,7424
2012-05-17,2,0,4,1,67.7959718,71.22642440000001,0.52,9.553470385075,7384
2012-05-18,2,0,5,1,65.3285282,68.6731748,0.523333,5.695945779169,7639
2012-05-19,2,0,6,1,68.36,70.5486704,0.45625,3.496035191575,8294
2012-05-20,2,0,0,1,70.1224718,72.5752796,0.530417,10.589770569519,7129
2012-05-21,2,0,1,2,68.21897179999999,70.40123960000001,0.81125,9.708715579828,4359
2012-05-22,2,0,2,2,69.629,72.20201,0.765833,4.919511646119,6073
2012-05-23,2,0,3,2,70.1930282,72.6519056,0.774583,4.246449414,5260
2012-05-24,2,0,4,1,73.013,75.27596,0.716667,7.197981547872,6770
2012-05-25,2,0,5,1,75.128,77.7504452,0.747083,5.85135750135,6734
2012-05-26,2,0,6,1,76.1855,79.55228480000001,0.7325,8.284406488144,6536
2012-05-27,2,0,0,1,75.974,79.40129,0.697083,8.957968302547,6591
2012-05-28,2,1,1,1,77.87750000000001,83.90084,0.67625,8.181534169497,6043
2012-05-29,2,0,2,1,78.7235,83.1514496,0.684583,12.2980505578,5743
2012-05-30,2,0,3,2,73.1540282,75.8021252,0.67,5.592365718953,6855
2012-05-31,2,0,4,1,75.128,78.2018852,0.492917,8.129827403103,7338
2012-06-01,2,0,5,2,72.9425282,75.4258856,0.755417,9.890188844491,4127
2012-06-02,2,0,6,1,66.9499718,70.4750144,0.549167,7.766922505634,8120
2012-06-03,2,0,0,1,68.5715,71.52580040000001,0.493333,7.663883659559,7641
2012-06-04,2,0,1,1,68.14850000000001,71.90002039999999,0.487083,11.858126724881,6998
2012-06-05,2,0,2,2,63.3544718,65.6759696,0.613333,8.724996430775,7001
2012-06-06,2,0,3,1,64.48252819999999,67.6242896,0.61125,3.210856971125,7055
2012-06-07,2,0,4,1,68.5715,70.8497096,0.567083,6.5507726989499995,7494
2012-06-08,2,0,5,1,72.51952820000001,74.2260056,0.467917,7.301519976231001,7736
2012-06-09,2,0,6,1,77.7364718,80.22599960000001,0.437083,6.006935750959,7498
2012-06-10,2,0,0,1,79.0760282,82.0258196,0.538333,5.567053549897,6598
2012-06-11,2,0,1,2,78.58247180000001,81.5748548,0.587917,8.647477913041001,6664
2012-06-12,2,0,2,2,72.8719718,74.22755,0.833333,8.931948391921999,4972
2012-06-13,2,0,3,1,73.0834718,75.8006996,0.582083,14.291342239103,7421
2012-06-14,2,0,4,1,72.44897180000001,77.3767004,0.569583,10.563375972181001,7363
2012-06-15,2,0,5,1,71.6735282,74.45077520000001,0.589583,7.352893687769001,7665
2012-06-16,2,0,6,1,71.03902819999999,73.8513104,0.504167,6.938656710619,7702
2012-06-17,2,0,0,1,67.7255,71.15062999999999,0.59875,6.032622606728,6978
2012-06-18,2,0,1,2,65.6809718,67.9272296,0.777917,7.2750004833220006,5099
2012-06-19,2,0,2,1,75.8329718,80.97740960000002,0.69,6.1622225775690005,6825
2012-06-20,2,0,3,1,83.7995,88.85182999999999,0.592083,4.738204908884,6211
2012-06-21,3,0,4,1,85.7734718,92.6019896,0.567917,4.945323397459,5905
2012-06-22,3,0,5,1,83.3765,89.2255748,0.57375,7.612051997594,5823
2012-06-23,3,0,6,1,79.4990282,80.7516896,0.534583,7.482118971897,7458
2012-06-24,3,0,0,1,80.48597179999999,83.30137520000001,0.479167,6.058475989924999,6891
2012-06-25,3,0,1,1,78.1594718,80.9001896,0.504167,12.505502101231,6779
2012-06-26,3,0,2,1,70.9684718,73.8508352,0.373333,14.472982031194002,7442
2012-06-27,3,0,3,1,76.60849999999999,79.3260896,0.36,11.314497936175,7335
2012-06-28,3,0,4,1,80.9795282,83.4508256,0.4225,7.1461082540500005,6879
2012-06-29,3,0,5,1,88.1705282,96.6496244,0.48875,6.886616889369001,5463
2012-06-30,3,0,6,1,82.31899999999999,84.87595040000001,0.60125,6.705684838847,5687
2012-07-01,3,0,0,1,86.61947180000001,92.3747252,0.51875,7.016175228353001,5531
2012-07-02,3,0,1,1,83.72902819999999,86.60211440000002,0.447083,8.129327820819,6227
2012-07-03,3,0,2,1,83.6584718,86.67482,0.492083,5.255480732108999,6660
2012-07-04,3,1,3,1,84.36352819999999,90.2016356,0.53875,5.618219102149999,7403
2012-07-05,3,0,4,1,87.6065,93.6503996,0.457917,8.077787581853,6241
2012-07-06,3,0,5,1,87.6769718,92.60092039999999,0.450833,6.084162845693999,6207
2012-07-07,3,0,6,1,90.4970282,98.8236644,0.492083,6.809056739778001,4840
2012-07-08,3,0,0,1,87.18350000000001,97.0990448,0.57375,5.230168563053,4672
2012-07-09,3,0,1,2,77.7364718,80.9016152,0.683333,7.534325320575,6569
2012-07-10,3,0,2,2,78.58247180000001,82.1777648,0.6675,6.317093085609001,6290
2012-07-11,3,0,3,1,78.23002819999999,80.4521948,0.633333,6.316926558181001,7264
2012-07-12,3,0,4,1,78.1594718,80.9763404,0.529583,6.1105158111749995,7446
2012-07-13,3,0,5,2,79.4990282,82.5504404,0.485833,3.36593563845,7499
2012-07-14,3,0,6,2,77.1019718,82.32578960000001,0.699167,5.981623581903,6969
2012-07-15,3,0,0,1,80.69747179999999,86.9772848,0.717917,6.938656710619,6031
2012-07-16,3,0,1,1,82.17797180000001,89.22605000000001,0.645,6.835409705259,6830
2012-07-17,3,0,2,1,86.8309718,92.975140400000015,0.505833,4.763891764653001,6786
2012-07-18,3,0,3,1,84.7159718,91.77526040000001,0.577083,5.7219656897940006,5713
2012-07-19,3,0,4,1,82.74199999999999,88.0994696,0.600417,6.887116471653,6591
2012-07-20,3,0,5,2,73.9294718,76.02737,0.844167,8.699684261719002,5870
2012-07-21,3,0,6,3,68.00747179999999,68.52954559999999,0.865417,8.8800750981,4459
2012-07-22,3,0,0,2,74.0705,77.22725000000001,0.7625,3.9100973149255998,7410
2012-07-23,3,0,1,1,80.3450282,85.1740196,0.694167,5.773630824331,6966
2012-07-24,3,0,2,1,81.12047179999999,87.12626,0.655,8.803222690078,7592
2012-07-25,3,0,3,1,78.8645282,80.9016152,0.45,6.860930033600001,8173
2012-07-26,3,0,4,1,83.3060282,91.02444440000001,0.596667,11.857294087741,6861
2012-07-27,3,0,5,1,83.72902819999999,90.4249796,0.594583,6.369341066143999,6904
2012-07-28,3,0,6,1,81.54347179999999,86.07535519999999,0.613333,6.5507726989499995,6685
2012-07-29,3,0,0,1,78.6530282,82.5504404,0.62375,7.093901905372,6597
2012-07-30,3,0,1,1,79.4284718,84.5764556,0.66875,6.395360976769,7105
2012-07-31,3,0,2,1,77.9479718,81.95204480000001,0.704167,6.886949944225,7216
2012-08-01,3,0,3,1,78.3005,82.4761904,0.6775,5.877543939403,7580
2012-08-02,3,0,4,1,81.2615,87.2020544,0.659583,5.385247230378,7261
2012-08-03,3,0,5,2,82.3894718,89.07659960000001,0.6425,8.983821685744001,7175
2012-08-04,3,0,6,1,84.7159718,92.45051959999999,0.613333,10.718454639506,6824
2012-08-05,3,0,0,1,82.6715282,90.05218520000001,0.6525,12.090765541797,5464
2012-08-06,3,0,1,2,81.2615,87.57722480000001,0.654167,5.385247230378,7013
2012-08-07,3,0,2,2,79.8514718,86.0773748,0.70375,4.867097138156,7273
2012-08-08,3,0,3,2,81.05,87.2767796,0.672917,4.6086465699,7534
2012-08-09,3,0,4,1,81.54347179999999,86.30155040000001,0.620417,6.498732877699999,7286
2012-08-10,3,0,5,2,78.1594718,82.5515096,0.715833,9.942228665741,5786
2012-08-11,3,0,6,2,76.1855,79.0261196,0.732917,8.596104201503,6299
2012-08-12,3,0,0,1,76.8904718,79.77598520000001,0.530417,5.100402064784,6544
2012-08-13,3,0,1,1,78.58247180000001,81.8757752,0.545417,5.670758505684,6883
2012-08-14,3,0,2,1,79.0760282,83.6013452,0.686667,7.042361666406,6784
2012-08-15,3,0,3,1,77.3840282,80.8995956,0.619583,7.067881994747001,7347
2012-08-16,3,0,4,1,78.4415282,80.9769344,0.519167,5.903230795172,7605
2012-08-17,3,0,5,1,78.7939718,31.99712,0.570833,9.631696644378001,7148
2012-08-18,3,0,6,1,74.98697179999999,76.62683480000001,0.603333,7.404933509019001,7865
2012-08-19,3,0,0,2,71.3914718,74.9022152,0.711667,3.5990740376500003,4549
2012-08-20,3,0,1,2,71.3914718,74.0008796,0.734167,5.411267141003,6530
2012-08-21,3,0,2,1,72.51952820000001,74.60177,0.67375,3.0295835393756,7006
2012-08-22,3,0,3,1,74.0705,77.07625519999999,0.677083,2.9260242950881006,7375
2012-08-23,3,0,4,1,76.4674718,78.87655040000001,0.635833,3.5218802484006,7765
2012-08-24,3,0,5,2,77.0315,80.07548,0.615,3.0035636287506002,7582
2012-08-25,3,0,6,2,73.5770282,76.7010848,0.712917,10.175158905656001,6053
2012-08-26,3,0,0,2,72.8719718,74.00432479999999,0.845833,9.527783529306001,5255
2012-08-27,3,0,1,1,77.1019718,80.9769344,0.730417,5.359393847180999,6917
2012-08-28,3,0,2,1,79.2169718,82.32674,0.62,7.948562297725001,7040
2012-08-29,3,0,3,1,75.551,78.7250804,0.552083,4.6861650876339995,7697
2012-08-30,3,0,4,1,77.3840282,80.75014519999999,0.590417,3.2105114267119,7713
2012-08-31,3,0,5,1,82.24852820000001,85.10072,0.5875,7.016341755780999,7350
2012-09-01,3,0,6,2,81.3319718,86.6752952,0.638333,4.712184998259,6140
2012-09-02,3,0,0,2,76.5380282,80.30120000000001,0.815,2.6673863834755998,5810
2012-09-03,3,1,1,1,77.4545,81.80152520000001,0.790833,6.291447861697,6034
2012-09-04,3,0,2,1,79.0054718,84.80229440000001,0.755,9.838482078097,6864
2012-09-05,3,0,3,1,79.9220282,87.4271804,0.74125,7.818795799456,7112
2012-09-06,3,0,4,2,76.5380282,81.05308520000001,0.810417,5.929250705797,6203
2012-09-07,3,0,5,1,77.1019718,81.2758352,0.73625,7.1459417266220004,7504
2012-09-08,3,0,6,2,73.3655282,75.80117480000001,0.799167,11.702881530128002,5976
2012-09-09,3,0,0,1,69.20599999999999,71.97629,0.5475,9.346185369072,8227
2012-09-10,3,0,1,1,66.9499718,70.3996952,0.50375,10.770702620041002,7525
2012-09-11,3,0,2,1,66.4565,69.0498896,0.52,3.8323872906494003,7767
2012-09-12,3,0,3,1,68.28952819999999,70.92491,0.577083,5.488993818022,7870
2012-09-13,3,0,4,1,69.4175,72.0514904,0.637083,3.4438205165255997,7804
2012-09-14,3,0,5,1,71.1799718,73.77706040000001,0.6725,4.324009563591,8009
2012-09-15,3,0,6,1,69.0649718,72.80099960000001,0.501667,10.304758876497,8714
2012-09-16,3,0,0,1,66.66799999999999,70.09925,0.57,3.7544982493881,7333
2012-09-17,3,0,1,2,66.7384718,68.90234000000001,0.734583,6.317301244894,6869
2012-09-18,3,0,2,2,70.3339718,70.3299596,0.8725,14.887010849059,4073
2012-09-19,3,0,3,1,64.3415,67.39999519999999,0.536667,8.958134829975,7591
2012-09-20,3,0,4,1,63.8480282,66.42440959999999,0.618333,4.919511646119,7720
2012-09-21,3,0,5,1,68.28952819999999,71.15015480000001,0.66875,6.420839673253001,8167
2012-09-22,3,0,6,1,72.59,75.72597440000001,0.646667,11.806086903631,8395
2012-09-23,4,0,0,1,62.3675282,64.8492404,0.467083,9.294645130106002,7907
2012-09-24,4,0,1,1,61.098528200000004,62.898544400000006,0.492917,5.928542964228001,7436
2012-09-25,4,0,2,1,64.13,67.84846519999999,0.57,9.838482078097,7538
2012-09-26,4,0,3,1,71.321,74.0776244,0.630833,10.1748258508,7733
2012-09-27,4,0,4,2,72.59,75.42743,0.690833,5.5929069330939996,7393
2012-09-28,4,0,5,2,69.9815282,72.8005244,0.69,6.835076650403,7415
2012-09-29,4,0,6,1,63.4955,66.1991648,0.542917,9.475577180628001,8555
2012-09-30,4,0,0,1,62.1560282,64.69836439999999,0.583333,5.6185521570059995,6889
2012-10-01,4,0,1,2,61.6624718,64.0256,0.649167,3.7803474693994,6778
2012-10-02,4,0,2,3,67.5844718,67.62916039999999,0.871667,4.349488260075,4639
2012-10-03,4,0,3,2,73.2245,74.3770004,0.79375,2.7704252295506002,7572
2012-10-04,4,0,4,2,73.2245,75.42743,0.722917,4.893658262922,7328
2012-10-05,4,0,5,1,69.629,72.1262156,0.6275,4.42754799195,8156
2012-10-06,4,0,6,1,64.48252819999999,67.1762948,0.664167,11.158378472425001,7965
2012-10-07,4,0,0,2,52.779471799999996,53.073784399999994,0.708333,5.876836197834001,3510
2012-10-08,4,1,1,2,50.0299718,49.2478304,0.709583,7.896689003902999,5478
2012-10-09,4,0,2,2,55.388028199999994,55.2477056,0.761667,7.9225423871,6392
2012-10-10,4,0,3,1,61.098528200000004,62.973269599999995,0.630833,7.819337013597,7691
2012-10-11,4,0,4,1,54.400999999999996,54.422639600000004,0.463333,7.560178703772,7570
2012-10-12,4,0,5,1,54.6125,54.648834799999996,0.539167,9.787316525844,7282
2012-10-13,4,0,6,1,50.875971799999995,49.697844800000006,0.494583,6.084162845693999,7109
2012-10-14,4,0,0,1,61.7330282,63.574635199999996,0.640417,11.599134942484001,6639
2012-10-15,4,0,1,2,65.1170282,67.25102,0.7075,12.324570050709,5875
2012-10-16,4,0,2,1,57.2209718,57.9485048,0.558333,7.586198614397,7534
2012-10-17,4,0,3,1,56.163471799999996,56.6728304,0.692917,4.2202629759470005,7461
2012-10-18,4,0,4,2,61.8035,64.09985,0.728333,9.864127302009,7509
2012-10-19,4,0,5,2,65.257971800000007,67.1020448,0.815,5.6183856295779995,5424
2012-10-20,4,0,6,1,58.56052820000001,59.3736296,0.572917,4.893283576209,8090
2012-10-21,4,0,0,1,56.8685282,57.4237652,0.51,6.913136382278001,6824
2012-10-22,4,0,1,1,58.842499999999994,60.573509599999994,0.568333,3.3923010934881,7058
2012-10-23,4,0,2,1,63.6365282,66.2001152,0.641667,3.9361172255506,7466
2012-10-24,4,0,3,1,67.30250000000001,69.5760548,0.63625,3.0299332469744003,7693
2012-10-25,4,0,4,2,64.13,66.12693440000001,0.800417,5.177962214375,7359
2012-10-26,4,0,5,2,63.7774718,65.3027,0.807083,5.514847201219,7444
2012-10-27,4,0,6,2,62.438,64.3978004,0.72,9.812295640044,7852
2012-10-28,4,0,0,2,57.9965,58.7711948,0.694583,16.569812140855998,4459
2012-10-29,4,0,1,3,54.824,55.40072,0.88,14.912531177400002,22
2012-10-30,4,0,2,2,44.5181972,40.0171892,0.825455,8.867960227713,1096
2012-10-31,4,0,3,2,47.8445,46.09868,0.666667,6.938656710619,5566
2012-11-01,4,0,4,2,48.549471800000006,47.1491096,0.581667,6.550606171522,5986
2012-11-02,4,0,5,1,47.632999999999996,45.497789600000004,0.522083,11.081359536975,5847
2012-11-03,4,0,6,2,46.6459718,41.6729048,0.49125,11.262624642353,5138
2012-11-04,4,0,0,1,45.1654718,42.3491144,0.532917,7.456598643555999,5107
2012-11-05,4,0,1,1,44.6015282,39.79931,0.494167,9.838648605525,5259
2012-11-06,4,0,2,1,41.358471800000004,36.6501596,0.567083,7.223668403641,5686
2012-11-07,4,0,3,2,42.6274718,35.8249748,0.5475,12.660580768556,5035
2012-11-08,4,0,4,1,47.3939204,43.816650800000005,0.333478,14.481016979595001,5315
2012-11-09,4,0,5,1,48.197028200000005,45.4230644,0.540833,8.932447974206001,5992
2012-11-10,4,0,6,1,50.523528199999994,49.999715599999995,0.645417,2.4082280736506,6536
2012-11-11,4,0,0,1,53.2024718,53.299504400000004,0.659167,5.3080617675,6852
2012-11-12,4,1,1,1,58.63099999999999,59.675500400000004,0.741667,7.223834931069,6269
2012-11-13,4,0,2,2,46.6459718,41.59913,0.662917,14.240010159422,4094
2012-11-14,4,0,3,1,42.0635282,36.6496844,0.552083,8.310759453625,5495
2012-11-15,4,0,4,2,44.8130282,41.7496496,0.620417,6.369132906859001,5445
2012-11-16,4,0,5,1,46.787,44.4478352,0.524583,7.120088343425001,5698
2012-11-17,4,0,6,1,45.095,41.9743004,0.545417,7.482452026753,5629
2012-11-18,4,0,0,1,46.5755,43.324224799999996,0.692917,9.475910235484001,4669
2012-11-19,4,0,1,2,49.8184718,47.8237748,0.623333,9.786275729419,5499
2012-11-20,4,0,2,2,49.254528199999996,48.4232396,0.685,3.443995370325,5634
2012-11-21,4,0,3,1,47.4919718,46.5491696,0.61375,4.298322707822001,5146
2012-11-22,4,1,4,1,46.364000000000004,44.82407479999999,0.580417,2.2011095850756,2425
2012-11-23,4,0,5,1,48.7609718,48.1989452,0.56875,6.1623891049970005,3910
2012-11-24,4,0,6,1,41.1469718,32.7505496,0.404583,15.689839579447002,2277
2012-11-25,4,0,0,1,38.3974718,33.800860400000005,0.468333,6.2655944785,2424
2012-11-26,4,0,1,1,44.1079718,43.4736752,0.535417,1.9421261290499998,5087
2012-11-27,4,0,2,2,42.2750282,36.6490904,0.786667,9.890147212634,3959
2012-11-28,4,0,3,1,42.6980282,37.6237256,0.50625,8.776869724597,5260
2012-11-29,4,0,4,1,41.361602000000005,38.652533600000005,0.555652,4.8093953843540005,5323
2012-11-30,4,0,5,1,42.838971799999996,41.675399600000006,0.649583,2.4342479842756,5668
2012-12-01,4,0,6,2,42.838971799999996,40.8481952,0.806667,2.4855967166994,5191
2012-12-02,4,0,0,2,46.9985,45.87391040000001,0.823333,5.178128741803,4649
2012-12-03,4,0,1,1,55.8815,57.3485648,0.7675,3.4438205165255997,6234
2012-12-04,4,0,2,1,57.8554718,58.9236152,0.73375,7.249313627553001,6606
2012-12-05,4,0,3,1,54.682971800000004,54.0478256,0.485,13.489595936996999,5729
2012-12-06,4,0,4,1,39.2434718,33.87463519999999,0.50875,7.275333538178,5375
2012-12-07,4,0,5,2,44.7424718,41.44861040000001,0.764167,5.4371205242,5008
2012-12-08,4,0,6,2,49.8890282,49.4735504,0.91125,4.220596030803,5582
2012-12-09,4,0,0,2,50.1005282,49.5493448,0.905417,6.576792609575,3228
2012-12-10,4,0,1,2,54.4714718,54.94631,0.925,7.922875441956,5170
2012-12-11,4,0,2,2,47.4919718,43.3975244,0.596667,12.324570050709,5501
2012-12-12,4,0,3,2,42.7685,38.5237544,0.538333,6.783369884009,5319
2012-12-13,4,0,4,1,42.6274718,38.1495344,0.485833,7.249313627553001,5532
2012-12-14,4,0,5,1,41.4290282,38.150009600000004,0.642917,5.463306962253,5611
2012-12-15,4,0,6,1,45.0245282,43.3999004,0.650417,4.42754799195,5047
2012-12-16,4,0,0,2,48.2675,47.1486344,0.83875,4.194076537894,3786
2012-12-17,4,0,1,2,50.875971799999995,50.8982,0.907083,4.090675494663101,4585
2012-12-18,4,0,2,1,52.3564718,51.8733104,0.66625,9.217459667227999,5557
2012-12-19,4,0,3,1,45.7295,43.848845600000004,0.625417,7.664091818844001,5267
2012-12-20,4,0,4,2,45.518,43.0237796,0.667917,5.514680673791,4128
2012-12-21,1,0,5,2,45.2360282,39.0499196,0.556667,15.586259519231001,3623
2012-12-22,1,0,6,1,40.0894718,31.250224399999997,0.44125,16.958570421522,1749
2012-12-23,1,0,0,1,38.3974718,34.025154799999996,0.515417,5.540492425131,1787
2012-12-24,1,0,1,2,37.1683184,33.95732,0.791304,3.2152449688528004,920
2012-12-25,1,1,2,2,42.2443184,38.182442,0.734783,7.024376704182,1013
2012-12-26,1,0,3,3,38.1859718,29.3755604,0.823333,13.178397805922,441
2012-12-27,1,0,4,2,39.102528199999995,30.1250696,0.652917,14.576686986981,2114
2012-12-28,1,0,5,2,39.031971799999994,33.4994648,0.59,6.472546439646999,3095
2012-12-29,1,0,6,2,39.031971799999994,31.99712,0.752917,5.178295269231,1341
2012-12-30,1,0,0,1,39.2434718,30.72596,0.483333,14.602540370178,1796
2012-12-31,1,0,1,2,35.8594718,29.7502556,0.5775,6.446526529022,2729
